,sid,cond,stimtype,ruletype,rulevariant,block,acc,dist_mn,dist_med,avg_dist_med
0,48,1,rectangle,rb,width,0,0.78125,1.29658073496,1.20620018656,0.78952314179
1,48,1,rectangle,rb,width,1,0.8125,0.699847563548,0.666184726034,0.78952314179
2,48,1,rectangle,rb,width,2,0.6875,1.10770529921,0.945642664167,0.78952314179
3,48,1,rectangle,rb,width,3,0.875,0.782538676813,0.81220173908,0.78952314179
4,48,1,rectangle,rb,width,4,0.84375,0.886297310956,0.818166031752,0.78952314179
5,48,1,rectangle,rb,width,5,0.875,0.660399488514,0.59351708125,0.78952314179
6,48,1,rectangle,rb,width,6,0.9375,0.752990030504,0.685820233966,0.78952314179
7,48,1,rectangle,rb,width,7,0.90625,0.769789351969,0.588452471513,0.78952314179
8,49,1,rectangle,rb,width,0,0.8125,1.33514522682,1.87315495972,0.964557472341
9,49,1,rectangle,rb,width,1,0.90625,0.561553265306,0.493706827131,0.964557472341
10,49,1,rectangle,rb,width,2,0.875,1.04755863004,0.847235503005,0.964557472341
11,49,1,rectangle,rb,width,3,0.84375,0.872716180513,0.833304704126,0.964557472341
12,49,1,rectangle,rb,width,4,0.90625,0.994154885568,1.14981858328,0.964557472341
13,49,1,rectangle,rb,width,5,0.9375,0.837597204398,0.755993995332,0.964557472341
14,49,1,rectangle,rb,width,6,0.96875,0.890095996666,0.573078586252,0.964557472341
15,49,1,rectangle,rb,width,7,0.9375,1.10920556175,1.19016661988,0.964557472341
16,50,0,antenna,rb,radius,0,0.84375,1.13619214975,1.05130497863,0.673220028818
17,50,0,antenna,rb,radius,1,0.90625,0.794019490726,0.910623552741,0.673220028818
18,50,0,antenna,rb,radius,2,0.90625,1.11560924601,1.10973470973,0.673220028818
19,50,0,antenna,rb,radius,3,0.875,0.96636813013,0.926457125988,0.673220028818
20,50,0,antenna,rb,radius,4,1.0,0.528423894476,0.400512561445,0.673220028818
21,50,0,antenna,rb,radius,5,0.875,0.558445348275,0.428717425669,0.673220028818
22,50,0,antenna,rb,radius,6,0.96875,0.405746154808,0.318955843222,0.673220028818
23,50,0,antenna,rb,radius,7,0.875,0.426980235137,0.239454033117,0.673220028818
24,51,0,antenna,rb,radius,0,0.84375,1.42369620346,2.0,0.484715569886
25,51,0,antenna,rb,radius,1,0.78125,1.01164268363,0.711917704206,0.484715569886
26,51,0,antenna,rb,radius,2,1.0,0.261328183147,0.258068305975,0.484715569886
27,51,0,antenna,rb,radius,3,0.84375,0.240061734701,0.210073002864,0.484715569886
28,51,0,antenna,rb,radius,4,1.0,0.215282768557,0.15563586593,0.484715569886
29,51,0,antenna,rb,radius,5,0.96875,0.215424271094,0.166927674867,0.484715569886
30,51,0,antenna,rb,radius,6,1.0,0.283068608711,0.22541382167,0.484715569886
31,51,0,antenna,rb,radius,7,1.0,0.195557047369,0.149688183578,0.484715569886
32,52,1,rectangle,rb,height,0,0.9375,1.38167259774,1.70249243094,0.903944851183
33,52,1,rectangle,rb,height,1,0.90625,0.919838379793,0.671539925668,0.903944851183
34,52,1,rectangle,rb,height,2,0.8125,1.04909421098,0.919698581095,0.903944851183
35,52,1,rectangle,rb,height,3,0.96875,1.01423255892,0.496545553512,0.903944851183
36,52,1,rectangle,rb,height,4,0.96875,0.958839527836,0.892475292168,0.903944851183
37,52,1,rectangle,rb,height,5,0.90625,1.20336740938,1.10064962269,0.903944851183
38,52,1,rectangle,rb,height,6,0.90625,0.79809357311,0.643881766911,0.903944851183
39,52,1,rectangle,rb,height,7,0.75,0.974050594282,0.804275636476,0.903944851183
40,53,2,antenna,ii,neg,0,0.75,0.872281013692,0.651867488994,0.442246617234
41,53,2,antenna,ii,neg,1,0.6875,0.91930830354,0.568675315625,0.442246617234
42,53,2,antenna,ii,neg,2,0.8125,0.948483451934,0.521199578498,0.442246617234
43,53,2,antenna,ii,neg,3,0.90625,0.653616164428,0.477396982144,0.442246617234
44,53,2,antenna,ii,neg,4,0.90625,0.700809047641,0.414577577974,0.442246617234
45,53,2,antenna,ii,neg,5,0.84375,0.371620764006,0.370741990423,0.442246617234
46,53,2,antenna,ii,neg,6,0.90625,0.357493322722,0.343941283984,0.442246617234
47,53,2,antenna,ii,neg,7,0.84375,0.23233726797,0.189572720227,0.442246617234
48,54,2,antenna,ii,neg,0,0.75,1.17631490176,0.943023966415,0.984814698468
49,54,2,antenna,ii,neg,1,0.6875,1.39446904156,1.03373934919,0.984814698468
50,54,2,antenna,ii,neg,2,0.8125,1.25952137793,1.56891387753,0.984814698468
51,54,2,antenna,ii,neg,3,0.625,0.922068849474,0.697550167282,0.984814698468
52,54,2,antenna,ii,neg,4,0.78125,1.19809180774,1.14495465092,0.984814698468
53,54,2,antenna,ii,neg,5,0.78125,1.06328886106,0.935590230182,0.984814698468
54,54,2,antenna,ii,neg,6,0.875,1.09475321104,1.02045996272,0.984814698468
55,54,2,antenna,ii,neg,7,0.75,0.69620888803,0.534285383503,0.984814698468
56,55,0,antenna,rb,angle,0,0.9375,0.913059700113,0.922700579554,0.667062955036
57,55,0,antenna,rb,angle,1,0.9375,1.16901770935,1.18135766941,0.667062955036
58,55,0,antenna,rb,angle,2,0.90625,0.963550751197,0.950585698423,0.667062955036
59,55,0,antenna,rb,angle,3,0.96875,0.728189204551,0.16916772569,0.667062955036
60,55,0,antenna,rb,angle,4,0.96875,0.806776883076,0.537110572957,0.667062955036
61,55,0,antenna,rb,angle,5,1.0,0.630010880587,0.232968967959,0.667062955036
62,55,0,antenna,rb,angle,6,1.0,0.707532353718,0.469462347629,0.667062955036
63,55,0,antenna,rb,angle,7,1.0,1.04501771774,0.873150078663,0.667062955036
64,56,2,antenna,ii,neg,0,0.40625,1.30105576602,0.95480061694,1.10662815494
65,56,2,antenna,ii,neg,1,0.6875,1.12523714059,1.27372459348,1.10662815494
66,56,2,antenna,ii,neg,2,0.5625,1.48492178409,1.50058978338,1.10662815494
67,56,2,antenna,ii,neg,3,0.75,1.12323449732,0.715456015263,1.10662815494
68,56,2,antenna,ii,neg,4,0.6875,1.06909935749,0.844159838012,1.10662815494
69,56,2,antenna,ii,neg,5,0.625,1.39856858256,1.26432048706,1.10662815494
70,56,2,antenna,ii,neg,6,0.65625,1.05879243221,1.12217495759,1.10662815494
71,56,2,antenna,ii,neg,7,0.71875,1.21451872488,1.17779894783,1.10662815494
72,57,3,rectangle,ii,size,0,0.4375,1.30527953019,0.869791716537,0.950702197795
73,57,3,rectangle,ii,size,1,0.625,1.15834898674,0.712838365026,0.950702197795
74,57,3,rectangle,ii,size,2,0.78125,1.23964106434,0.813681860731,0.950702197795
75,57,3,rectangle,ii,size,3,0.75,1.40095749976,1.38260711686,0.950702197795
76,57,3,rectangle,ii,size,4,0.5625,1.09861316486,0.853183936632,0.950702197795
77,57,3,rectangle,ii,size,5,0.6875,1.24474000303,0.987311420474,0.950702197795
78,57,3,rectangle,ii,size,6,0.90625,1.22122160468,1.02483661454,0.950702197795
79,57,3,rectangle,ii,size,7,0.6875,1.24139211301,0.961366551559,0.950702197795
80,58,2,antenna,ii,pos,0,0.625,1.43218025612,1.07406051898,1.08587707478
81,58,2,antenna,ii,pos,1,0.8125,1.3825294342,1.0738717229,1.08587707478
82,58,2,antenna,ii,pos,2,0.65625,1.39720836334,1.21467165268,1.08587707478
83,58,2,antenna,ii,pos,3,0.8125,1.42639355718,1.56207264851,1.08587707478
84,58,2,antenna,ii,pos,4,0.8125,1.31361628963,1.26725614952,1.08587707478
85,58,2,antenna,ii,pos,5,0.8125,1.18360377535,1.11008163369,1.08587707478
86,58,2,antenna,ii,pos,6,0.65625,1.18904466502,0.899554154601,1.08587707478
87,58,2,antenna,ii,pos,7,0.84375,0.862373975646,0.485448117389,1.08587707478
88,59,3,rectangle,ii,shape,0,0.9375,1.38575282176,1.08514530403,0.752357673209
89,59,3,rectangle,ii,shape,1,0.96875,0.825588685975,0.646340290143,0.752357673209
90,59,3,rectangle,ii,shape,2,0.96875,1.14854770453,1.08267330896,0.752357673209
91,59,3,rectangle,ii,shape,3,0.96875,0.837129676472,0.5700606846,0.752357673209
92,59,3,rectangle,ii,shape,4,0.9375,1.01744245688,0.577368795418,0.752357673209
93,59,3,rectangle,ii,shape,5,0.875,0.924329340556,0.776095576859,0.752357673209
94,59,3,rectangle,ii,shape,6,0.96875,0.599029981967,0.29930715706,0.752357673209
95,59,3,rectangle,ii,shape,7,1.0,0.911541910056,0.98187026861,0.752357673209
96,60,1,rectangle,rb,height,0,0.78125,1.55033500925,2.0,1.25413761254
97,60,1,rectangle,rb,height,1,0.75,1.25980595016,1.24323632273,1.25413761254
98,60,1,rectangle,rb,height,2,0.78125,1.38063449281,1.77724054354,1.25413761254
99,60,1,rectangle,rb,height,3,0.75,1.17156260121,1.16265300347,1.25413761254
100,60,1,rectangle,rb,height,4,0.71875,0.923858643022,0.830760390378,1.25413761254
101,60,1,rectangle,rb,height,5,0.78125,1.0990011075,1.00226218112,1.25413761254
102,60,1,rectangle,rb,height,6,0.84375,1.24323186771,1.13064714331,1.25413761254
103,60,1,rectangle,rb,height,7,0.9375,0.874939110822,0.886301315757,1.25413761254
104,61,0,antenna,rb,angle,0,0.96875,1.03956988073,0.870919474082,1.02168823769
105,61,0,antenna,rb,angle,1,1.0,0.994767210557,0.838718106796,1.02168823769
106,61,0,antenna,rb,angle,2,1.0,1.40908820548,1.88084405922,1.02168823769
107,61,0,antenna,rb,angle,3,1.0,1.02495703885,0.771384084565,1.02168823769
108,61,0,antenna,rb,angle,4,1.0,1.10505371154,1.01515024158,1.02168823769
109,61,0,antenna,rb,angle,5,1.0,1.0749406669,1.03930865299,1.02168823769
110,61,0,antenna,rb,angle,6,0.96875,1.02048639689,1.00509671662,1.02168823769
111,61,0,antenna,rb,angle,7,1.0,0.863348637193,0.752084565639,1.02168823769
112,63,2,antenna,ii,neg,0,0.75,1.45230600961,1.5511333146,1.15722225014
113,63,2,antenna,ii,neg,1,0.8125,0.9503861055,0.673685451588,1.15722225014
114,63,2,antenna,ii,neg,2,0.75,2.135405744,1.97503490379,1.15722225014
115,63,2,antenna,ii,neg,3,0.6875,1.06099811738,0.872330564043,1.15722225014
116,63,2,antenna,ii,neg,4,0.75,1.2960943458,1.26368023458,1.15722225014
117,63,2,antenna,ii,neg,5,0.75,1.46412692582,1.02997820669,1.15722225014
118,63,2,antenna,ii,neg,6,0.78125,1.22761253962,1.08416020973,1.15722225014
119,63,2,antenna,ii,neg,7,0.6875,1.09392457916,0.807775116127,1.15722225014
120,64,1,rectangle,rb,height,0,0.71875,1.12103457417,1.30592398734,1.19463903498
121,64,1,rectangle,rb,height,1,0.8125,1.30687492512,1.47503009042,1.19463903498
122,64,1,rectangle,rb,height,2,0.71875,0.962007423211,0.679217449004,1.19463903498
123,64,1,rectangle,rb,height,3,0.8125,1.45839053488,1.71722390476,1.19463903498
124,64,1,rectangle,rb,height,4,0.71875,1.06972197491,1.28360394089,1.19463903498
125,64,1,rectangle,rb,height,5,0.6875,0.963134877556,0.994140471022,1.19463903498
126,64,1,rectangle,rb,height,6,0.96875,1.23644552523,1.33722423453,1.19463903498
127,64,1,rectangle,rb,height,7,0.9375,0.809424862264,0.764748201832,1.19463903498
128,65,1,rectangle,rb,height,0,0.71875,1.5939411736,1.96811681579,1.35259296499
129,65,1,rectangle,rb,height,1,0.8125,1.10048357225,1.07918755515,1.35259296499
130,65,1,rectangle,rb,height,2,0.875,1.45200415395,1.68734471232,1.35259296499
131,65,1,rectangle,rb,height,3,0.8125,1.56930877624,1.79734224613,1.35259296499
132,65,1,rectangle,rb,height,4,0.84375,1.09895999546,1.04043511362,1.35259296499
133,65,1,rectangle,rb,height,5,0.8125,1.21893494909,1.37574046772,1.35259296499
134,65,1,rectangle,rb,height,6,0.875,0.950396893797,0.874621090969,1.35259296499
135,65,1,rectangle,rb,height,7,0.9375,1.08062178504,0.997955718217,1.35259296499
136,66,0,antenna,rb,angle,0,0.90625,1.09717920303,1.04323653444,0.499865367806
137,66,0,antenna,rb,angle,1,1.0,1.01262048805,1.17569336472,0.499865367806
138,66,0,antenna,rb,angle,2,1.0,0.676763836063,0.121654024433,0.499865367806
139,66,0,antenna,rb,angle,3,0.96875,0.789316083058,0.532165933136,0.499865367806
140,66,0,antenna,rb,angle,4,0.96875,0.552771509723,0.109444465918,0.499865367806
141,66,0,antenna,rb,angle,5,0.96875,0.795023624663,0.664611928814,0.499865367806
142,66,0,antenna,rb,angle,6,1.0,0.649282289152,0.282063318859,0.499865367806
143,66,0,antenna,rb,angle,7,0.96875,0.191853630195,0.070053372132,0.499865367806
144,67,3,rectangle,ii,shape,0,0.8125,1.32090457707,1.31025794831,0.836856197067
145,67,3,rectangle,ii,shape,1,0.875,1.41270290388,1.3046397524,0.836856197067
146,67,3,rectangle,ii,shape,2,0.90625,1.08975674568,0.710589119451,0.836856197067
147,67,3,rectangle,ii,shape,3,0.9375,1.42242493966,1.35981175693,0.836856197067
148,67,3,rectangle,ii,shape,4,0.96875,0.713054002467,0.378121821102,0.836856197067
149,67,3,rectangle,ii,shape,5,0.96875,0.649401181429,0.422792372581,0.836856197067
150,67,3,rectangle,ii,shape,6,0.90625,0.849798698724,0.646965144335,0.836856197067
151,67,3,rectangle,ii,shape,7,0.9375,0.735827402976,0.561671661437,0.836856197067
152,68,2,antenna,ii,neg,0,0.75,1.06180303203,0.865310625412,0.749126493084
153,68,2,antenna,ii,neg,1,0.6875,1.16677197534,0.848919922619,0.749126493084
154,68,2,antenna,ii,neg,2,0.65625,0.611943513225,0.269545705897,0.749126493084
155,68,2,antenna,ii,neg,3,0.59375,1.21874746669,0.955379318944,0.749126493084
156,68,2,antenna,ii,neg,4,0.8125,1.11081747471,0.584801479369,0.749126493084
157,68,2,antenna,ii,neg,5,0.78125,1.05687444238,0.95926800504,0.749126493084
158,68,2,antenna,ii,neg,6,0.78125,0.782780717377,0.512397055016,0.749126493084
159,68,2,antenna,ii,neg,7,0.75,1.1676915217,0.997389832372,0.749126493084
160,69,3,rectangle,ii,shape,0,0.84375,0.982039720572,0.810372105125,0.679721338827
161,69,3,rectangle,ii,shape,1,0.96875,1.35121510411,1.49730834969,0.679721338827
162,69,3,rectangle,ii,shape,2,0.9375,1.39915744747,1.50982667149,0.679721338827
163,69,3,rectangle,ii,shape,3,0.8125,0.316444990887,0.258793641213,0.679721338827
164,69,3,rectangle,ii,shape,4,0.90625,0.507167648868,0.211727030368,0.679721338827
165,69,3,rectangle,ii,shape,5,0.9375,0.336797319103,0.386172406989,0.679721338827
166,69,3,rectangle,ii,shape,6,0.90625,0.462844728424,0.407450514152,0.679721338827
167,69,3,rectangle,ii,shape,7,0.875,0.740578057132,0.35611999159,0.679721338827
168,70,0,antenna,rb,angle,0,0.90625,1.16837285828,1.07312601128,0.284422137915
169,70,0,antenna,rb,angle,1,1.0,0.877901887817,0.734771453829,0.284422137915
170,70,0,antenna,rb,angle,2,1.0,0.468927105794,0.0928832557884,0.284422137915
171,70,0,antenna,rb,angle,3,1.0,0.454480995634,0.0913701267816,0.284422137915
172,70,0,antenna,rb,angle,4,1.0,0.446958573063,0.0746847671113,0.284422137915
173,70,0,antenna,rb,angle,5,1.0,0.417579816122,0.0847586045803,0.284422137915
174,70,0,antenna,rb,angle,6,1.0,0.365682024651,0.0553357477773,0.284422137915
175,70,0,antenna,rb,angle,7,1.0,0.380289286759,0.0684471361737,0.284422137915
176,71,3,rectangle,ii,shape,0,1.0,1.12316417554,0.924618135293,0.490166344241
177,71,3,rectangle,ii,shape,1,1.0,1.06776130352,0.893928724098,0.490166344241
178,71,3,rectangle,ii,shape,2,0.96875,1.26897263964,0.902537172338,0.490166344241
179,71,3,rectangle,ii,shape,3,0.96875,0.113134763593,0.105693109044,0.490166344241
180,71,3,rectangle,ii,shape,4,1.0,0.239069251804,0.140022165737,0.490166344241
181,71,3,rectangle,ii,shape,5,0.96875,0.69858902227,0.543724004115,0.490166344241
182,71,3,rectangle,ii,shape,6,0.96875,0.29937972279,0.232395141275,0.490166344241
183,71,3,rectangle,ii,shape,7,1.0,0.192041117562,0.178412302027,0.490166344241
184,72,3,rectangle,ii,shape,0,0.90625,1.37912595698,1.03662791215,0.780687029681
185,72,3,rectangle,ii,shape,1,0.875,1.19575399033,1.12155925063,0.780687029681
186,72,3,rectangle,ii,shape,2,0.875,1.13860567795,1.12565974299,0.780687029681
187,72,3,rectangle,ii,shape,3,0.84375,1.23638782994,0.903906681966,0.780687029681
188,72,3,rectangle,ii,shape,4,0.90625,0.533181868775,0.418306784001,0.780687029681
189,72,3,rectangle,ii,shape,5,0.96875,1.05911077354,0.60990234914,0.780687029681
190,72,3,rectangle,ii,shape,6,0.96875,0.479981199713,0.372089096308,0.780687029681
191,72,3,rectangle,ii,shape,7,1.0,0.851701237018,0.657444420265,0.780687029681
192,73,3,rectangle,ii,shape,0,0.90625,2.12935698702,1.96957902004,0.312537903535
193,73,3,rectangle,ii,shape,1,0.96875,0.957575596933,0.450637191405,0.312537903535
194,73,3,rectangle,ii,shape,2,0.96875,0.348899641236,0.0,0.312537903535
195,73,3,rectangle,ii,shape,3,0.96875,0.761648702536,0.0,0.312537903535
196,73,3,rectangle,ii,shape,4,0.96875,0.286420878407,1.44708982367e-15,0.312537903535
197,73,3,rectangle,ii,shape,5,0.96875,0.357651778932,1.44708982367e-15,0.312537903535
198,73,3,rectangle,ii,shape,6,1.0,0.785112073136,0.0800870168359,0.312537903535
199,73,3,rectangle,ii,shape,7,1.0,0.297875995668,0.0,0.312537903535
200,74,1,rectangle,rb,height,0,0.65625,1.35649799976,1.43878218778,1.39145031885
201,74,1,rectangle,rb,height,1,0.375,1.47655697173,1.64810006587,1.39145031885
202,74,1,rectangle,rb,height,2,0.78125,1.53768450926,1.82098808154,1.39145031885
203,74,1,rectangle,rb,height,3,0.53125,1.17234047266,1.3071885064,1.39145031885
204,74,1,rectangle,rb,height,4,0.65625,1.38635827155,1.42561349493,1.39145031885
205,74,1,rectangle,rb,height,5,0.5625,1.21669524583,1.30267578242,1.39145031885
206,74,1,rectangle,rb,height,6,0.59375,1.02537232012,0.981900197478,1.39145031885
207,74,1,rectangle,rb,height,7,0.625,1.23153923144,1.20635423442,1.39145031885
208,75,1,rectangle,rb,height,0,0.71875,1.10998499593,1.14838952877,0.917021676276
209,75,1,rectangle,rb,height,1,0.71875,0.887516752936,0.721958478193,0.917021676276
210,75,1,rectangle,rb,height,2,0.90625,1.03739923631,1.05253548882,0.917021676276
211,75,1,rectangle,rb,height,3,0.84375,1.00397269027,0.718937861304,0.917021676276
212,75,1,rectangle,rb,height,4,0.8125,1.08828700432,0.948466808597,0.917021676276
213,75,1,rectangle,rb,height,5,0.84375,1.12448060133,1.30693901646,0.917021676276
214,75,1,rectangle,rb,height,6,0.84375,0.750070365558,0.445460606076,0.917021676276
215,75,1,rectangle,rb,height,7,0.875,1.04479492689,0.993485621986,0.917021676276
216,76,0,antenna,rb,angle,0,1.0,0.881673333563,0.664198455193,0.228284828069
217,76,0,antenna,rb,angle,1,0.9375,0.985071979322,0.904812129915,0.228284828069
218,76,0,antenna,rb,angle,2,0.96875,0.0582344488487,0.0404836287833,0.228284828069
219,76,0,antenna,rb,angle,3,1.0,0.0448904107913,0.038550457252,0.228284828069
220,76,0,antenna,rb,angle,4,1.0,0.0552560984413,0.0435811354969,0.228284828069
221,76,0,antenna,rb,angle,5,0.96875,0.0589601373768,0.05598891961,0.228284828069
222,76,0,antenna,rb,angle,6,1.0,0.0518393741505,0.043634654422,0.228284828069
223,76,0,antenna,rb,angle,7,0.9375,0.0408602714945,0.0350292438777,0.228284828069
224,77,1,rectangle,rb,height,0,0.71875,1.43348751629,1.5219408642,1.89757090334
225,77,1,rectangle,rb,height,1,0.65625,1.60067093062,2.0,1.89757090334
226,77,1,rectangle,rb,height,2,0.625,1.68596605861,2.0,1.89757090334
227,77,1,rectangle,rb,height,3,0.8125,1.65473533344,1.93744857579,1.89757090334
228,77,1,rectangle,rb,height,4,0.53125,1.34995319478,2.0,1.89757090334
229,77,1,rectangle,rb,height,5,0.625,1.53240392292,2.0,1.89757090334
230,77,1,rectangle,rb,height,6,0.65625,1.71587167856,2.0,1.89757090334
231,77,1,rectangle,rb,height,7,0.78125,1.41395094015,1.72117778673,1.89757090334
232,78,2,antenna,ii,neg,0,0.59375,1.03899845686,0.777033417212,1.23047352973
233,78,2,antenna,ii,neg,1,0.75,1.31414218457,1.24469852709,1.23047352973
234,78,2,antenna,ii,neg,2,0.78125,1.2088643025,0.964405067225,1.23047352973
235,78,2,antenna,ii,neg,3,0.875,1.51660740143,1.42663941054,1.23047352973
236,78,2,antenna,ii,neg,4,0.65625,1.84823738642,1.92772970751,1.23047352973
237,78,2,antenna,ii,neg,5,0.40625,0.965377163945,0.655258826697,1.23047352973
238,78,2,antenna,ii,neg,6,0.65625,1.51777562005,1.48871151207,1.23047352973
239,78,2,antenna,ii,neg,7,0.59375,1.48603445608,1.35931176947,1.23047352973
240,79,1,rectangle,rb,width,0,0.46875,1.51699969394,1.86422579134,1.43761533458
241,79,1,rectangle,rb,width,1,0.90625,1.32931944505,1.57510478054,1.43761533458
242,79,1,rectangle,rb,width,2,0.6875,1.43784843579,1.80831193841,1.43761533458
243,79,1,rectangle,rb,width,3,0.6875,1.33279422389,1.3222762854,1.43761533458
244,79,1,rectangle,rb,width,4,0.625,1.05726588691,1.07663113548,1.43761533458
245,79,1,rectangle,rb,width,5,0.59375,1.24864345698,1.62469780804,1.43761533458
246,79,1,rectangle,rb,width,6,0.75,1.36123288895,1.55408243889,1.43761533458
247,79,1,rectangle,rb,width,7,0.375,0.903025556964,0.675592498544,1.43761533458
248,80,2,antenna,ii,pos,0,0.46875,0.802707970931,0.478528369016,0.898323484414
249,80,2,antenna,ii,pos,1,0.75,0.786677710545,0.625877808798,0.898323484414
250,80,2,antenna,ii,pos,2,0.6875,0.777956894745,0.701791926305,0.898323484414
251,80,2,antenna,ii,pos,3,0.71875,1.12759071935,1.16713534301,0.898323484414
252,80,2,antenna,ii,pos,4,0.625,1.63557199099,1.79470023384,0.898323484414
253,80,2,antenna,ii,pos,5,0.65625,0.86017123495,0.379832693103,0.898323484414
254,80,2,antenna,ii,pos,6,0.65625,1.32557914046,1.26635505691,0.898323484414
255,80,2,antenna,ii,pos,7,0.75,1.04949258895,0.772366444326,0.898323484414
256,81,3,rectangle,ii,size,0,0.84375,1.12535296833,1.04930959351,0.716586578089
257,81,3,rectangle,ii,size,1,0.6875,1.07599528273,0.701543003169,0.716586578089
258,81,3,rectangle,ii,size,2,0.84375,0.832570917105,0.645810533749,0.716586578089
259,81,3,rectangle,ii,size,3,0.71875,0.799869931637,0.540225263839,0.716586578089
260,81,3,rectangle,ii,size,4,0.65625,0.742738489919,0.64703101795,0.716586578089
261,81,3,rectangle,ii,size,5,0.75,1.10661009987,1.03072335666,0.716586578089
262,81,3,rectangle,ii,size,6,0.84375,0.91206282081,0.703770025987,0.716586578089
263,81,3,rectangle,ii,size,7,0.6875,0.577326458138,0.414279829856,0.716586578089
264,82,2,antenna,ii,neg,0,0.53125,1.16727451465,1.08106641069,1.03517917064
265,82,2,antenna,ii,neg,1,0.78125,1.2998782447,1.26349359909,1.03517917064
266,82,2,antenna,ii,neg,2,0.65625,1.12175957795,0.882221351392,1.03517917064
267,82,2,antenna,ii,neg,3,0.5,1.38456132992,1.13338189049,1.03517917064
268,82,2,antenna,ii,neg,4,0.65625,1.23587678907,0.888934614002,1.03517917064
269,82,2,antenna,ii,neg,5,0.59375,1.33034063116,1.24508348538,1.03517917064
270,82,2,antenna,ii,neg,6,0.40625,1.35299257139,1.09839062925,1.03517917064
271,82,2,antenna,ii,neg,7,0.46875,0.971196376518,0.688861384831,1.03517917064
272,83,2,antenna,ii,neg,0,0.8125,1.50951461091,1.42367289358,1.07515615733
273,83,2,antenna,ii,neg,1,0.65625,1.25951763781,0.981460507283,1.07515615733
274,83,2,antenna,ii,neg,2,0.53125,1.1437558826,0.831452276511,1.07515615733
275,83,2,antenna,ii,neg,3,0.625,1.31944650583,1.00900585188,1.07515615733
276,83,2,antenna,ii,neg,4,0.71875,1.36606386343,1.11928826446,1.07515615733
277,83,2,antenna,ii,neg,5,0.625,1.35614107737,1.28611732919,1.07515615733
278,83,2,antenna,ii,neg,6,0.78125,1.10912462935,0.968273344696,1.07515615733
279,83,2,antenna,ii,neg,7,0.46875,1.34907781447,0.981978791009,1.07515615733
280,84,2,antenna,ii,pos,0,0.4375,1.21673605436,1.40212183051,1.19456083254
281,84,2,antenna,ii,pos,1,0.375,1.09099300131,0.949872872055,1.19456083254
282,84,2,antenna,ii,pos,2,0.46875,1.16499077687,0.975479414039,1.19456083254
283,84,2,antenna,ii,pos,3,0.4375,1.4799628054,1.5037123982,1.19456083254
284,84,2,antenna,ii,pos,4,0.25,0.877116008762,0.863636368801,1.19456083254
285,84,2,antenna,ii,pos,5,0.78125,1.38214052117,1.32830340327,1.19456083254
286,84,2,antenna,ii,pos,6,0.4375,1.21404779491,1.31709712128,1.19456083254
287,84,2,antenna,ii,pos,7,0.53125,1.20789766057,1.21626325219,1.19456083254
288,85,0,antenna,rb,radius,0,0.625,1.51676867823,1.8379623086,1.81165215888
289,85,0,antenna,rb,radius,1,0.84375,1.27486440603,1.40445253038,1.81165215888
290,85,0,antenna,rb,radius,2,0.78125,1.28854967851,1.25080243208,1.81165215888
291,85,0,antenna,rb,radius,3,0.84375,1.62537021249,2.0,1.81165215888
292,85,0,antenna,rb,radius,4,0.9375,2.0,2.0,1.81165215888
293,85,0,antenna,rb,radius,5,0.8125,2.0,2.0,1.81165215888
294,85,0,antenna,rb,radius,6,0.90625,1.93291336185,2.0,1.81165215888
295,85,0,antenna,rb,radius,7,0.875,2.0,2.0,1.81165215888
296,86,3,rectangle,ii,size,0,0.75,1.12663774866,0.67914594884,0.617006982396
297,86,3,rectangle,ii,size,1,0.65625,1.09490099523,0.797579540862,0.617006982396
298,86,3,rectangle,ii,size,2,0.9375,0.932010496623,0.530354434129,0.617006982396
299,86,3,rectangle,ii,size,3,0.84375,0.945754555056,0.611843374423,0.617006982396
300,86,3,rectangle,ii,size,4,0.9375,0.604261340021,0.428826626589,0.617006982396
301,86,3,rectangle,ii,size,5,0.9375,0.962982780808,0.634796794936,0.617006982396
302,86,3,rectangle,ii,size,6,0.90625,0.799545662966,0.607401156552,0.617006982396
303,86,3,rectangle,ii,size,7,0.90625,0.773233441893,0.64610798284,0.617006982396
304,87,2,antenna,ii,neg,0,0.84375,1.33676165085,0.919880491433,0.92969430989
305,87,2,antenna,ii,neg,1,0.8125,1.73922364137,1.56432707495,0.92969430989
306,87,2,antenna,ii,neg,2,0.8125,1.12330506677,1.06061396283,0.92969430989
307,87,2,antenna,ii,neg,3,0.875,0.985010656699,0.694404410512,0.92969430989
308,87,2,antenna,ii,neg,4,0.84375,1.01792211341,1.26728228161,0.92969430989
309,87,2,antenna,ii,neg,5,0.875,0.620514035233,0.551530092132,0.92969430989
310,87,2,antenna,ii,neg,6,0.84375,0.879499167898,0.897786767228,0.92969430989
311,87,2,antenna,ii,neg,7,0.90625,0.754035891013,0.481729398425,0.92969430989
312,88,3,rectangle,ii,shape,0,1.0,1.44200239986,1.4465136276,1.20240719654
313,88,3,rectangle,ii,shape,1,0.90625,0.823163944131,0.433343685354,1.20240719654
314,88,3,rectangle,ii,shape,2,0.96875,1.38022192126,0.822517441258,1.20240719654
315,88,3,rectangle,ii,shape,3,0.96875,1.68409064649,1.64154083666,1.20240719654
316,88,3,rectangle,ii,shape,4,0.9375,1.20330892136,0.966159479187,1.20240719654
317,88,3,rectangle,ii,shape,5,0.9375,1.28356444151,1.27566665648,1.20240719654
318,88,3,rectangle,ii,shape,6,1.0,1.540221093,1.63040358118,1.20240719654
319,88,3,rectangle,ii,shape,7,0.96875,1.43396837839,1.40311226464,1.20240719654
320,89,1,rectangle,rb,width,0,0.71875,1.17587748549,1.22641668675,0.913791755319
321,89,1,rectangle,rb,width,1,0.78125,1.2685033922,1.54331687237,0.913791755319
322,89,1,rectangle,rb,width,2,0.6875,0.993655130241,0.926106379984,0.913791755319
323,89,1,rectangle,rb,width,3,0.9375,1.01975554921,0.907733662702,0.913791755319
324,89,1,rectangle,rb,width,4,0.96875,0.587119889584,0.388992661965,0.913791755319
325,89,1,rectangle,rb,width,5,0.96875,0.832783899624,0.759846732143,0.913791755319
326,89,1,rectangle,rb,width,6,0.9375,0.710433674985,0.539073501202,0.913791755319
327,89,1,rectangle,rb,width,7,0.96875,0.966901875439,1.01884754544,0.913791755319
328,90,3,rectangle,ii,shape,0,0.90625,1.57409847047,1.70149097674,0.528989334183
329,90,3,rectangle,ii,shape,1,0.9375,1.06439808943,0.904715442158,0.528989334183
330,90,3,rectangle,ii,shape,2,0.90625,0.843077221191,0.513896973613,0.528989334183
331,90,3,rectangle,ii,shape,3,0.96875,0.912663448267,0.266172509082,0.528989334183
332,90,3,rectangle,ii,shape,4,0.96875,0.5436644069,0.0769713221176,0.528989334183
333,90,3,rectangle,ii,shape,5,0.96875,0.671246119298,0.366193466494,0.528989334183
334,90,3,rectangle,ii,shape,6,0.9375,0.0667973973452,1.44708982367e-15,0.528989334183
335,90,3,rectangle,ii,shape,7,0.96875,0.566242184498,0.402473983257,0.528989334183
336,91,3,rectangle,ii,size,0,0.4375,1.41228740659,1.19527331604,1.09988989201
337,91,3,rectangle,ii,size,1,0.59375,1.14828078445,1.01412686786,1.09988989201
338,91,3,rectangle,ii,size,2,0.875,1.30000464051,0.950613641673,1.09988989201
339,91,3,rectangle,ii,size,3,0.65625,1.11141041881,0.670223342573,1.09988989201
340,91,3,rectangle,ii,size,4,0.875,1.30215170643,1.28384926315,1.09988989201
341,91,3,rectangle,ii,size,5,0.6875,1.26019598911,0.979030051571,1.09988989201
342,91,3,rectangle,ii,size,6,0.65625,1.35386866539,1.51268244153,1.09988989201
343,91,3,rectangle,ii,size,7,0.65625,1.45813583833,1.19332021166,1.09988989201
344,92,1,rectangle,rb,width,0,0.9375,1.10728303145,1.14402098476,1.45140691706
345,92,1,rectangle,rb,width,1,0.65625,1.30166046042,1.56116410062,1.45140691706
346,92,1,rectangle,rb,width,2,0.71875,1.36446394384,1.59584390133,1.45140691706
347,92,1,rectangle,rb,width,3,0.59375,1.28008498375,1.5216284603,1.45140691706
348,92,1,rectangle,rb,width,4,0.6875,1.22791274956,1.36783313678,1.45140691706
349,92,1,rectangle,rb,width,5,0.6875,1.40340117898,1.70275527225,1.45140691706
350,92,1,rectangle,rb,width,6,0.6875,1.35158455315,1.539572373,1.45140691706
351,92,1,rectangle,rb,width,7,0.625,1.21933238936,1.1784371074,1.45140691706
352,93,2,antenna,ii,pos,0,0.78125,1.39494741138,1.38744614526,0.878182042526
353,93,2,antenna,ii,pos,1,0.71875,1.26370821057,1.12670197467,0.878182042526
354,93,2,antenna,ii,pos,2,0.625,1.05145791625,0.801414242138,0.878182042526
355,93,2,antenna,ii,pos,3,0.59375,0.472393387731,0.30848206949,0.878182042526
356,93,2,antenna,ii,pos,4,0.59375,0.922267459573,0.774514986314,0.878182042526
357,93,2,antenna,ii,pos,5,0.59375,0.9224348679,0.771206448463,0.878182042526
358,93,2,antenna,ii,pos,6,0.71875,1.09763553499,0.870302416229,0.878182042526
359,93,2,antenna,ii,pos,7,0.71875,1.07410449603,0.985388057652,0.878182042526
360,94,2,antenna,ii,pos,0,0.78125,1.31413742795,1.46752487945,0.87852611665
361,94,2,antenna,ii,pos,1,0.71875,1.09644055667,0.704318987996,0.87852611665
362,94,2,antenna,ii,pos,2,0.65625,0.764325559834,0.550878321245,0.87852611665
363,94,2,antenna,ii,pos,3,0.59375,1.09569082074,0.910617149249,0.87852611665
364,94,2,antenna,ii,pos,4,0.75,1.00096871186,0.717694270044,0.87852611665
365,94,2,antenna,ii,pos,5,0.8125,0.793411081566,0.418457239901,0.87852611665
366,94,2,antenna,ii,pos,6,0.90625,1.19240090701,1.24618404413,0.87852611665
367,94,2,antenna,ii,pos,7,0.78125,1.23596126111,1.01253404119,0.87852611665
368,95,2,antenna,ii,neg,0,0.46875,1.54310406721,1.08189058012,1.16889511937
369,95,2,antenna,ii,neg,1,0.46875,1.09012441922,0.928341300042,1.16889511937
370,95,2,antenna,ii,neg,2,0.625,1.17612413783,0.886108263974,1.16889511937
371,95,2,antenna,ii,neg,3,0.59375,1.4211840609,1.3754030161,1.16889511937
372,95,2,antenna,ii,neg,4,0.5625,1.07180950006,0.770951477588,1.16889511937
373,95,2,antenna,ii,neg,5,0.5625,1.55817384823,1.35367253509,1.16889511937
374,95,2,antenna,ii,neg,6,0.6875,0.999598679531,1.03129975976,1.16889511937
375,95,2,antenna,ii,neg,7,0.65625,1.62104019037,1.92349402225,1.16889511937
376,96,1,rectangle,rb,height,0,0.625,1.3668392673,1.76354801692,0.774954303971
377,96,1,rectangle,rb,height,1,0.9375,1.0666690125,1.05948081319,0.774954303971
378,96,1,rectangle,rb,height,2,0.8125,1.36939688764,1.4720211746,0.774954303971
379,96,1,rectangle,rb,height,3,0.875,0.919086260435,0.608416034658,0.774954303971
380,96,1,rectangle,rb,height,4,0.96875,0.762160477322,0.585510170533,0.774954303971
381,96,1,rectangle,rb,height,5,0.96875,0.282789821396,0.2618462311,0.774954303971
382,96,1,rectangle,rb,height,6,0.90625,0.279605576973,0.196040753902,0.774954303971
383,96,1,rectangle,rb,height,7,1.0,0.372643296022,0.252771236876,0.774954303971
384,97,3,rectangle,ii,size,0,0.75,1.29815946872,0.953394645801,0.970747882686
385,97,3,rectangle,ii,size,1,0.6875,1.26391341646,0.704223905461,0.970747882686
386,97,3,rectangle,ii,size,2,0.78125,1.04047684529,0.655734784873,0.970747882686
387,97,3,rectangle,ii,size,3,0.65625,1.13763912786,0.968222213065,0.970747882686
388,97,3,rectangle,ii,size,4,0.78125,1.2545889921,1.20088044957,0.970747882686
389,97,3,rectangle,ii,size,5,0.65625,1.19302234908,1.33728010402,0.970747882686
390,97,3,rectangle,ii,size,6,0.75,1.05488236564,0.878765515968,0.970747882686
391,97,3,rectangle,ii,size,7,0.8125,1.12633584143,1.06748144273,0.970747882686
392,98,3,rectangle,ii,shape,0,0.96875,1.19884949374,0.68435963706,0.995208981224
393,98,3,rectangle,ii,shape,1,1.0,1.2005801055,1.1207113727,0.995208981224
394,98,3,rectangle,ii,shape,2,0.96875,1.52332368496,1.51263143633,0.995208981224
395,98,3,rectangle,ii,shape,3,0.96875,0.928053754252,0.655425569412,0.995208981224
396,98,3,rectangle,ii,shape,4,0.96875,1.43665405975,1.26830284163,0.995208981224
397,98,3,rectangle,ii,shape,5,0.96875,0.867633460609,0.629560188609,0.995208981224
398,98,3,rectangle,ii,shape,6,0.96875,1.20329035849,1.11182359021,0.995208981224
399,98,3,rectangle,ii,shape,7,0.875,1.26862564191,0.978857213836,0.995208981224
400,99,1,rectangle,rb,height,0,0.40625,1.35501525465,1.76481032864,1.82228495889
401,99,1,rectangle,rb,height,1,0.75,1.54719386021,2.0,1.82228495889
402,99,1,rectangle,rb,height,2,0.84375,1.14798613813,0.998760910968,1.82228495889
403,99,1,rectangle,rb,height,3,0.8125,1.48909154263,1.85286446763,1.82228495889
404,99,1,rectangle,rb,height,4,0.84375,1.66346194868,1.97685697807,1.82228495889
405,99,1,rectangle,rb,height,5,0.78125,1.67467904817,2.0,1.82228495889
406,99,1,rectangle,rb,height,6,0.71875,1.63802819741,1.98498698582,1.82228495889
407,99,1,rectangle,rb,height,7,0.78125,1.54690265523,2.0,1.82228495889
408,100,3,rectangle,ii,shape,0,0.9375,1.36758292127,1.47233161424,0.482815516816
409,100,3,rectangle,ii,shape,1,1.0,1.09389938851,1.0679803416,0.482815516816
410,100,3,rectangle,ii,shape,2,1.0,0.62990960694,0.497250569295,0.482815516816
411,100,3,rectangle,ii,shape,3,0.96875,0.566478866522,0.22463607541,0.482815516816
412,100,3,rectangle,ii,shape,4,0.96875,0.390723547302,0.140160703898,0.482815516816
413,100,3,rectangle,ii,shape,5,1.0,0.290907927964,0.173769312523,0.482815516816
414,100,3,rectangle,ii,shape,6,0.96875,0.240337924298,0.0860092912192,0.482815516816
415,100,3,rectangle,ii,shape,7,0.96875,0.288337054464,0.200386226343,0.482815516816
416,101,3,rectangle,ii,shape,0,0.9375,2.00264444349,2.16695669359,0.634346656891
417,101,3,rectangle,ii,shape,1,0.96875,1.56680227544,1.55101984611,0.634346656891
418,101,3,rectangle,ii,shape,2,1.0,1.03952345148,0.429424113964,0.634346656891
419,101,3,rectangle,ii,shape,3,0.96875,0.861688755171,0.402806410951,0.634346656891
420,101,3,rectangle,ii,shape,4,1.0,0.797437754481,0.20979135882,0.634346656891
421,101,3,rectangle,ii,shape,5,1.0,0.0990284991875,0.102660314037,0.634346656891
422,101,3,rectangle,ii,shape,6,1.0,0.0810058171505,0.0550509197147,0.634346656891
423,101,3,rectangle,ii,shape,7,1.0,0.575051344632,0.157063597938,0.634346656891
424,102,0,antenna,rb,angle,0,0.9375,0.784253156232,0.715557023913,0.234963021407
425,102,0,antenna,rb,angle,1,0.90625,0.792796099046,0.549680565824,0.234963021407
426,102,0,antenna,rb,angle,2,1.0,0.61371278889,0.160941283165,0.234963021407
427,102,0,antenna,rb,angle,3,0.9375,0.370885708862,0.122170547635,0.234963021407
428,102,0,antenna,rb,angle,4,0.96875,0.124899813723,0.0899702401825,0.234963021407
429,102,0,antenna,rb,angle,5,1.0,0.0980806764399,0.0832095742364,0.234963021407
430,102,0,antenna,rb,angle,6,0.90625,0.179734301806,0.0677588075229,0.234963021407
431,102,0,antenna,rb,angle,7,1.0,0.128621854633,0.090416128774,0.234963021407
432,103,1,rectangle,rb,height,0,0.71875,1.08404275177,0.961991364577,0.563095206586
433,103,1,rectangle,rb,height,1,0.9375,1.27447523687,1.44800815559,0.563095206586
434,103,1,rectangle,rb,height,2,0.90625,0.585073685673,0.448758309416,0.563095206586
435,103,1,rectangle,rb,height,3,0.875,0.418728410016,0.278789204843,0.563095206586
436,103,1,rectangle,rb,height,4,0.9375,0.479965013279,0.375731012867,0.563095206586
437,103,1,rectangle,rb,height,5,0.9375,0.274801929034,0.266863362034,0.563095206586
438,103,1,rectangle,rb,height,6,0.9375,0.463665662004,0.449459893601,0.563095206586
439,103,1,rectangle,rb,height,7,1.0,0.292270529932,0.27516034976,0.563095206586
440,104,2,antenna,ii,neg,0,0.6875,1.3111303541,1.12062024131,1.04537268498
441,104,2,antenna,ii,neg,1,0.78125,1.43858032074,1.36880577464,1.04537268498
442,104,2,antenna,ii,neg,2,0.65625,1.4573203062,1.26883595947,1.04537268498
443,104,2,antenna,ii,neg,3,0.8125,1.51380758513,1.34163230464,1.04537268498
444,104,2,antenna,ii,neg,4,0.8125,1.11669280581,0.950032558468,1.04537268498
445,104,2,antenna,ii,neg,5,0.84375,1.18760009115,1.02684529589,1.04537268498
446,104,2,antenna,ii,neg,6,0.8125,0.758620632972,0.676908149171,1.04537268498
447,104,2,antenna,ii,neg,7,0.78125,0.77448392402,0.609301196246,1.04537268498
448,105,3,rectangle,ii,shape,0,0.8125,1.55554956937,1.46465200396,1.17578866278
449,105,3,rectangle,ii,shape,1,1.0,1.07209584579,0.847939543765,1.17578866278
450,105,3,rectangle,ii,shape,2,1.0,1.34975318292,1.10317629817,1.17578866278
451,105,3,rectangle,ii,shape,3,1.0,1.1359877303,1.22747931972,1.17578866278
452,105,3,rectangle,ii,shape,4,0.96875,1.26302370958,1.30291986973,1.17578866278
453,105,3,rectangle,ii,shape,5,0.96875,1.47696045444,1.28635193544,1.17578866278
454,105,3,rectangle,ii,shape,6,0.96875,1.3649671572,0.98900907844,1.17578866278
455,105,3,rectangle,ii,shape,7,0.96875,1.18314569704,1.18478125297,1.17578866278
456,106,3,rectangle,ii,shape,0,1.0,1.7361026819,1.72677469589,1.49385254027
457,106,3,rectangle,ii,shape,1,1.0,1.32635701782,1.11590816658,1.49385254027
458,106,3,rectangle,ii,shape,2,1.0,1.33108474349,1.30582151548,1.49385254027
459,106,3,rectangle,ii,shape,3,0.96875,1.67268803571,2.09417740315,1.49385254027
460,106,3,rectangle,ii,shape,4,0.96875,1.53148288402,1.78494606154,1.49385254027
461,106,3,rectangle,ii,shape,5,0.96875,1.39047655438,1.44579458853,1.49385254027
462,106,3,rectangle,ii,shape,6,0.96875,1.32143130401,1.07293971236,1.49385254027
463,106,3,rectangle,ii,shape,7,0.9375,1.28655274352,1.40445817862,1.49385254027
464,107,1,rectangle,rb,width,0,0.71875,1.07287842282,0.882134585042,0.88848331875
465,107,1,rectangle,rb,width,1,0.6875,1.29634463053,1.30524692421,0.88848331875
466,107,1,rectangle,rb,width,2,0.6875,1.04919978377,1.12184701236,0.88848331875
467,107,1,rectangle,rb,width,3,0.8125,0.868671132002,0.913815579946,0.88848331875
468,107,1,rectangle,rb,width,4,0.96875,1.18951372894,1.21206890439,0.88848331875
469,107,1,rectangle,rb,width,5,0.875,0.701574481299,0.604116614695,0.88848331875
470,107,1,rectangle,rb,width,6,0.875,0.449323177268,0.386600530937,0.88848331875
471,107,1,rectangle,rb,width,7,0.96875,0.656347204555,0.682036398424,0.88848331875
472,108,3,rectangle,ii,size,0,0.625,1.00809303244,0.654008495494,0.734294778413
473,108,3,rectangle,ii,size,1,0.4375,1.0268107777,0.57297737377,0.734294778413
474,108,3,rectangle,ii,size,2,0.75,1.55632363735,1.39427708852,0.734294778413
475,108,3,rectangle,ii,size,3,0.90625,1.34758727932,1.0784823874,0.734294778413
476,108,3,rectangle,ii,size,4,0.875,0.652436130469,0.741549812624,0.734294778413
477,108,3,rectangle,ii,size,5,0.84375,0.676232844869,0.577137696262,0.734294778413
478,108,3,rectangle,ii,size,6,0.90625,0.493491680915,0.461524279075,0.734294778413
479,108,3,rectangle,ii,size,7,0.875,0.431348163122,0.394401094156,0.734294778413
480,109,2,antenna,ii,neg,0,0.6875,1.60760724611,1.4448460068,0.992849776597
481,109,2,antenna,ii,neg,1,0.78125,1.40888205538,1.27658598452,0.992849776597
482,109,2,antenna,ii,neg,2,0.6875,1.0854862761,1.1211122842,0.992849776597
483,109,2,antenna,ii,neg,3,0.6875,1.06127307109,0.806015527759,0.992849776597
484,109,2,antenna,ii,neg,4,0.84375,0.548046779973,0.553704029927,0.992849776597
485,109,2,antenna,ii,neg,5,0.9375,0.932802082387,0.771698460558,0.992849776597
486,109,2,antenna,ii,neg,6,0.9375,1.17824082178,1.05320942006,0.992849776597
487,109,2,antenna,ii,neg,7,0.75,1.00432530857,0.915626498949,0.992849776597
488,110,1,rectangle,rb,height,0,0.75,1.58138899894,2.0,1.16832800501
489,110,1,rectangle,rb,height,1,0.71875,1.25729799898,1.43088131676,1.16832800501
490,110,1,rectangle,rb,height,2,0.71875,1.43085594995,1.47462974026,1.16832800501
491,110,1,rectangle,rb,height,3,0.90625,1.37947371407,1.48825044647,1.16832800501
492,110,1,rectangle,rb,height,4,0.9375,0.979603684085,0.786716156045,1.16832800501
493,110,1,rectangle,rb,height,5,0.9375,1.3398947996,1.39997258651,1.16832800501
494,110,1,rectangle,rb,height,6,1.0,0.666928390897,0.55939036241,1.16832800501
495,110,1,rectangle,rb,height,7,1.0,0.518967599745,0.206783431654,1.16832800501
496,111,1,rectangle,rb,height,0,0.9375,1.51291951615,1.74176711594,0.735149451584
497,111,1,rectangle,rb,height,1,0.96875,1.22126232798,1.01479814727,0.735149451584
498,111,1,rectangle,rb,height,2,0.9375,0.853011258169,0.521354081102,0.735149451584
499,111,1,rectangle,rb,height,3,0.875,0.822471650114,0.593906326184,0.735149451584
500,111,1,rectangle,rb,height,4,0.875,0.543532413368,0.489924956838,0.735149451584
501,111,1,rectangle,rb,height,5,0.9375,0.612692443422,0.429069181635,0.735149451584
502,111,1,rectangle,rb,height,6,0.875,0.669049204475,0.490201269941,0.735149451584
503,111,1,rectangle,rb,height,7,1.0,0.682800879083,0.600174533755,0.735149451584
504,112,2,antenna,ii,pos,0,0.71875,1.28477753101,1.19526322886,0.679709524194
505,112,2,antenna,ii,pos,1,0.78125,1.34560548316,1.29714812169,0.679709524194
506,112,2,antenna,ii,pos,2,0.9375,1.18607156968,0.965805966033,0.679709524194
507,112,2,antenna,ii,pos,3,0.875,0.68386475212,0.643926721289,0.679709524194
508,112,2,antenna,ii,pos,4,0.9375,0.4680775585,0.414109919693,0.679709524194
509,112,2,antenna,ii,pos,5,0.84375,0.300304879613,0.271928735173,0.679709524194
510,112,2,antenna,ii,pos,6,0.9375,0.453860318744,0.269110207051,0.679709524194
511,112,2,antenna,ii,pos,7,0.9375,0.387624692537,0.380383293755,0.679709524194
512,113,1,rectangle,rb,width,0,0.90625,1.44750403209,1.63022420873,0.729777520972
513,113,1,rectangle,rb,width,1,0.71875,1.48652939482,1.86243295766,0.729777520972
514,113,1,rectangle,rb,width,2,0.875,1.00625111602,0.707191187665,0.729777520972
515,113,1,rectangle,rb,width,3,0.9375,0.775653206269,0.580365114316,0.729777520972
516,113,1,rectangle,rb,width,4,0.84375,0.325904285481,0.157208966793,0.729777520972
517,113,1,rectangle,rb,width,5,0.96875,0.48491319274,0.267564732749,0.729777520972
518,113,1,rectangle,rb,width,6,0.875,0.766030814367,0.405029634053,0.729777520972
519,113,1,rectangle,rb,width,7,0.9375,0.214436944411,0.228203365813,0.729777520972
520,114,0,antenna,rb,radius,0,0.9375,1.27577911181,1.52271174166,0.602432884618
521,114,0,antenna,rb,radius,1,0.90625,0.994597107908,0.978598508062,0.602432884618
522,114,0,antenna,rb,radius,2,0.90625,0.88634590662,0.597091818909,0.602432884618
523,114,0,antenna,rb,radius,3,0.9375,0.686190466338,0.255328911312,0.602432884618
524,114,0,antenna,rb,radius,4,0.96875,0.489278797172,0.412169267434,0.602432884618
525,114,0,antenna,rb,radius,5,0.90625,0.522055337815,0.299217530027,0.602432884618
526,114,0,antenna,rb,radius,6,1.0,0.45291766709,0.379920392354,0.602432884618
527,114,0,antenna,rb,radius,7,0.9375,0.455217973976,0.374424907179,0.602432884618
528,115,0,antenna,rb,radius,0,0.96875,0.86861622703,0.552201747012,0.591749737398
529,115,0,antenna,rb,radius,1,0.96875,1.10563499625,1.06672454254,0.591749737398
530,115,0,antenna,rb,radius,2,0.875,0.866724074884,0.535352547854,0.591749737398
531,115,0,antenna,rb,radius,3,0.96875,0.856290667893,0.804353567883,0.591749737398
532,115,0,antenna,rb,radius,4,0.90625,0.682015890474,0.441120534169,0.591749737398
533,115,0,antenna,rb,radius,5,0.9375,0.683348551629,0.524416899338,0.591749737398
534,115,0,antenna,rb,radius,6,0.84375,0.607824694217,0.413437932697,0.591749737398
535,115,0,antenna,rb,radius,7,0.875,0.553628470274,0.396390127691,0.591749737398
536,116,0,antenna,rb,radius,0,0.9375,1.56308425811,2.0,0.556725832803
537,116,0,antenna,rb,radius,1,0.90625,0.853652619171,0.523744780705,0.556725832803
538,116,0,antenna,rb,radius,2,0.96875,0.588088688945,0.423342290917,0.556725832803
539,116,0,antenna,rb,radius,3,1.0,0.445929200794,0.249825297326,0.556725832803
540,116,0,antenna,rb,radius,4,0.96875,0.391677246223,0.377270333626,0.556725832803
541,116,0,antenna,rb,radius,5,0.96875,0.329762301274,0.260145779925,0.556725832803
542,116,0,antenna,rb,radius,6,0.9375,0.480189107437,0.386890744269,0.556725832803
543,116,0,antenna,rb,radius,7,1.0,0.287579481057,0.232587435657,0.556725832803
544,117,2,antenna,ii,pos,0,0.34375,0.817702259824,0.632523523948,0.915900040263
545,117,2,antenna,ii,pos,1,0.5,0.867034453084,0.84448718971,0.915900040263
546,117,2,antenna,ii,pos,2,0.625,1.18651074795,0.80695105332,0.915900040263
547,117,2,antenna,ii,pos,3,0.5625,0.740136670897,0.637269934195,0.915900040263
548,117,2,antenna,ii,pos,4,0.65625,1.41264229924,1.13216907088,0.915900040263
549,117,2,antenna,ii,pos,5,0.6875,0.982890366572,0.808378128586,0.915900040263
550,117,2,antenna,ii,pos,6,0.40625,1.53576738487,1.00319381186,0.915900040263
551,117,2,antenna,ii,pos,7,0.6875,1.41293860249,1.46222760961,0.915900040263
552,118,3,rectangle,ii,shape,0,0.96875,1.4737374454,1.38814764128,0.44945403169
553,118,3,rectangle,ii,shape,1,0.96875,0.915628396176,0.564395354249,0.44945403169
554,118,3,rectangle,ii,shape,2,0.96875,0.386908128191,0.172592821665,0.44945403169
555,118,3,rectangle,ii,shape,3,1.0,0.806589526086,0.475390996228,0.44945403169
556,118,3,rectangle,ii,shape,4,0.9375,0.953824863922,0.441468950748,0.44945403169
557,118,3,rectangle,ii,shape,5,1.0,0.356408132518,0.187540544106,0.44945403169
558,118,3,rectangle,ii,shape,6,0.96875,0.40832824672,0.16424472592,0.44945403169
559,118,3,rectangle,ii,shape,7,0.96875,0.71734358423,0.201851219326,0.44945403169
560,119,1,rectangle,rb,height,0,0.71875,1.3768221456,1.60259618436,1.00226808286
561,119,1,rectangle,rb,height,1,0.90625,1.25275318164,1.31424638329,1.00226808286
562,119,1,rectangle,rb,height,2,0.84375,0.894638958217,0.649902848754,1.00226808286
563,119,1,rectangle,rb,height,3,0.78125,1.1811910249,1.27352574887,1.00226808286
564,119,1,rectangle,rb,height,4,0.90625,0.87765841543,0.796776094876,1.00226808286
565,119,1,rectangle,rb,height,5,0.90625,1.25870328535,1.28200206572,1.00226808286
566,119,1,rectangle,rb,height,6,0.84375,0.704374813391,0.436020710212,1.00226808286
567,119,1,rectangle,rb,height,7,0.78125,0.731093401431,0.66307462678,1.00226808286
568,120,0,antenna,rb,radius,0,0.96875,1.01826484437,0.994065250795,0.304228731704
569,120,0,antenna,rb,radius,1,0.9375,0.459596911729,0.406493066395,0.304228731704
570,120,0,antenna,rb,radius,2,0.9375,0.310824702475,0.225695860052,0.304228731704
571,120,0,antenna,rb,radius,3,1.0,0.214809092248,0.154056417782,0.304228731704
572,120,0,antenna,rb,radius,4,0.90625,0.275511827877,0.237300224802,0.304228731704
573,120,0,antenna,rb,radius,5,0.9375,0.210419658383,0.114755547834,0.304228731704
574,120,0,antenna,rb,radius,6,0.90625,0.205056971735,0.120465033891,0.304228731704
575,120,0,antenna,rb,radius,7,0.9375,0.215814955634,0.180998452086,0.304228731704
576,121,0,antenna,rb,radius,0,0.84375,1.09600907104,1.06086516594,0.620180108656
577,121,0,antenna,rb,radius,1,0.96875,0.948133015185,0.761747265987,0.620180108656
578,121,0,antenna,rb,radius,2,0.96875,0.627803797186,0.435002988223,0.620180108656
579,121,0,antenna,rb,radius,3,0.90625,0.714238327962,0.482759138386,0.620180108656
580,121,0,antenna,rb,radius,4,1.0,0.721739933714,0.48571821149,0.620180108656
581,121,0,antenna,rb,radius,5,0.96875,0.4757803414,0.371683741406,0.620180108656
582,121,0,antenna,rb,radius,6,1.0,0.646332597492,0.547858373348,0.620180108656
583,121,0,antenna,rb,radius,7,0.96875,0.893061138935,0.815805984464,0.620180108656
584,122,1,rectangle,rb,height,0,0.75,1.48814708529,2.0,0.9525951006
585,122,1,rectangle,rb,height,1,0.84375,1.43848406081,1.95482121852,0.9525951006
586,122,1,rectangle,rb,height,2,0.84375,1.06529660108,0.605018193974,0.9525951006
587,122,1,rectangle,rb,height,3,0.84375,1.11413712699,1.02246371433,0.9525951006
588,122,1,rectangle,rb,height,4,0.8125,0.975816835055,0.856193562147,0.9525951006
589,122,1,rectangle,rb,height,5,0.9375,0.619300089037,0.560302941757,0.9525951006
590,122,1,rectangle,rb,height,6,0.9375,0.489140208931,0.328697666509,0.9525951006
591,122,1,rectangle,rb,height,7,0.9375,0.356794364826,0.293263507564,0.9525951006
592,123,0,antenna,rb,radius,0,0.53125,1.59061010809,2.0,1.10636212395
593,123,0,antenna,rb,radius,1,0.40625,1.1256591207,1.23182417718,1.10636212395
594,123,0,antenna,rb,radius,2,0.5,1.07518851514,0.985050300874,1.10636212395
595,123,0,antenna,rb,radius,3,0.59375,1.41688644343,1.49473097334,1.10636212395
596,123,0,antenna,rb,radius,4,0.65625,0.918307798281,0.685519357753,1.10636212395
597,123,0,antenna,rb,radius,5,0.46875,0.904162245988,0.705868354733,1.10636212395
598,123,0,antenna,rb,radius,6,0.46875,1.01311636281,0.958104789046,1.10636212395
599,123,0,antenna,rb,radius,7,0.375,0.949679031227,0.789799038678,1.10636212395
600,124,3,rectangle,ii,shape,0,0.875,1.12574236885,0.82477115885,0.623304534562
601,124,3,rectangle,ii,shape,1,0.96875,0.848998151479,0.371300233994,0.623304534562
602,124,3,rectangle,ii,shape,2,1.0,1.17186847025,0.617134702668,0.623304534562
603,124,3,rectangle,ii,shape,3,1.0,0.908880724946,0.767196196943,0.623304534562
604,124,3,rectangle,ii,shape,4,1.0,0.137832605882,0.0513328377573,0.623304534562
605,124,3,rectangle,ii,shape,5,0.96875,1.25109015145,1.31849160213,0.623304534562
606,124,3,rectangle,ii,shape,6,1.0,0.604005314547,0.478336806791,0.623304534562
607,124,3,rectangle,ii,shape,7,0.96875,0.632808708403,0.55787273736,0.623304534562
608,125,1,rectangle,rb,height,0,0.6875,1.28025132221,1.39714659093,1.13640230962
609,125,1,rectangle,rb,height,1,0.6875,1.32143068125,1.71778422092,1.13640230962
610,125,1,rectangle,rb,height,2,0.75,1.3790293216,1.2997238082,1.13640230962
611,125,1,rectangle,rb,height,3,0.78125,1.40223236474,1.67216711967,1.13640230962
612,125,1,rectangle,rb,height,4,0.75,1.09574481335,0.885762932013,1.13640230962
613,125,1,rectangle,rb,height,5,0.90625,0.927394366913,0.685673901637,1.13640230962
614,125,1,rectangle,rb,height,6,0.84375,0.811627281336,0.630186179336,1.13640230962
615,125,1,rectangle,rb,height,7,0.84375,0.863607585167,0.802773724241,1.13640230962
616,126,1,rectangle,rb,height,0,0.8125,1.56903040045,1.99812561151,1.558021888
617,126,1,rectangle,rb,height,1,0.625,1.70141477339,2.0,1.558021888
618,126,1,rectangle,rb,height,2,0.90625,1.09763382844,0.925828711092,1.558021888
619,126,1,rectangle,rb,height,3,0.84375,1.50605444899,2.0,1.558021888
620,126,1,rectangle,rb,height,4,0.8125,1.09996370101,1.17109149539,1.558021888
621,126,1,rectangle,rb,height,5,0.6875,1.1573298467,0.992041663783,1.558021888
622,126,1,rectangle,rb,height,6,0.875,1.44530943502,1.76415878776,1.558021888
623,126,1,rectangle,rb,height,7,0.8125,1.59750955443,1.61292883444,1.558021888
624,127,3,rectangle,ii,size,0,0.90625,1.29341948724,1.06500256589,0.651534839439
625,127,3,rectangle,ii,size,1,0.875,1.16277072799,1.01038162146,0.651534839439
626,127,3,rectangle,ii,size,2,0.84375,0.751526324032,0.500598784876,0.651534839439
627,127,3,rectangle,ii,size,3,0.84375,0.757805267227,0.473474422519,0.651534839439
628,127,3,rectangle,ii,size,4,0.8125,0.798388058901,0.37552202794,0.651534839439
629,127,3,rectangle,ii,size,5,0.90625,0.597160944707,0.513400439285,0.651534839439
630,127,3,rectangle,ii,size,6,0.9375,0.557248591882,0.567923973755,0.651534839439
631,127,3,rectangle,ii,size,7,0.90625,0.858693442367,0.705974879781,0.651534839439
632,128,2,antenna,ii,pos,0,0.6875,1.53365085954,1.70453374656,1.19507064168
633,128,2,antenna,ii,pos,1,0.71875,1.88755024658,2.34367051035,1.19507064168
634,128,2,antenna,ii,pos,2,0.84375,1.49383274093,1.38119814382,1.19507064168
635,128,2,antenna,ii,pos,3,0.625,1.14692432143,0.871595820285,1.19507064168
636,128,2,antenna,ii,pos,4,0.71875,0.986397177943,0.847486309009,1.19507064168
637,128,2,antenna,ii,pos,5,0.5,0.958069776221,0.702149892385,1.19507064168
638,128,2,antenna,ii,pos,6,0.8125,0.977743944604,0.836555185497,1.19507064168
639,128,2,antenna,ii,pos,7,0.71875,0.969596915772,0.87337552552,1.19507064168
640,129,1,rectangle,rb,width,0,0.625,1.16403271028,1.178172239,1.07543448431
641,129,1,rectangle,rb,width,1,0.6875,1.27854611389,1.4960999596,1.07543448431
642,129,1,rectangle,rb,width,2,0.78125,1.04380501964,0.915108982336,1.07543448431
643,129,1,rectangle,rb,width,3,0.75,1.01952978942,0.919769464571,1.07543448431
644,129,1,rectangle,rb,width,4,0.78125,1.20422063375,1.22835844379,1.07543448431
645,129,1,rectangle,rb,width,5,0.78125,1.14869717595,1.16048717393,1.07543448431
646,129,1,rectangle,rb,width,6,0.84375,1.13931387706,0.979560443182,1.07543448431
647,129,1,rectangle,rb,width,7,0.8125,0.994024917966,0.725919168045,1.07543448431
648,130,1,rectangle,rb,height,0,0.625,1.32042744517,1.52102270009,1.26290271124
649,130,1,rectangle,rb,height,1,0.75,1.63462069539,2.0,1.26290271124
650,130,1,rectangle,rb,height,2,0.875,1.22940694019,1.47622773633,1.26290271124
651,130,1,rectangle,rb,height,3,0.96875,1.23031806181,1.24821351856,1.26290271124
652,130,1,rectangle,rb,height,4,0.90625,1.28575390584,1.32063651406,1.26290271124
653,130,1,rectangle,rb,height,5,0.84375,0.846319070777,0.662412587763,1.26290271124
654,130,1,rectangle,rb,height,6,0.90625,1.15543324177,0.915827837771,1.26290271124
655,130,1,rectangle,rb,height,7,0.875,1.02613218547,0.958880795321,1.26290271124
656,131,3,rectangle,ii,shape,0,0.78125,2.27122473046,2.36803504188,1.16376108104
657,131,3,rectangle,ii,shape,1,0.90625,0.895954996822,0.708418869686,1.16376108104
658,131,3,rectangle,ii,shape,2,0.9375,0.912018702234,0.764638684628,1.16376108104
659,131,3,rectangle,ii,shape,3,0.90625,1.09358071609,0.855337363994,1.16376108104
660,131,3,rectangle,ii,shape,4,0.84375,1.30490477265,1.27367003254,1.16376108104
661,131,3,rectangle,ii,shape,5,0.96875,1.1757163375,1.00786619811,1.16376108104
662,131,3,rectangle,ii,shape,6,0.8125,1.10021010579,0.918067273924,1.16376108104
663,131,3,rectangle,ii,shape,7,0.90625,1.5790940822,1.41405518358,1.16376108104
664,132,2,antenna,ii,neg,0,0.71875,1.25223431737,1.27375624297,0.917466554735
665,132,2,antenna,ii,neg,1,0.71875,1.62046222157,1.80905967663,0.917466554735
666,132,2,antenna,ii,neg,2,0.75,1.43632298028,1.40892940838,0.917466554735
667,132,2,antenna,ii,neg,3,0.75,1.16750913679,0.648042041035,0.917466554735
668,132,2,antenna,ii,neg,4,0.71875,0.812018282628,0.762802310386,0.917466554735
669,132,2,antenna,ii,neg,5,0.75,0.915285537148,0.57741297784,0.917466554735
670,132,2,antenna,ii,neg,6,0.8125,0.766009531016,0.326994184,0.917466554735
671,132,2,antenna,ii,neg,7,0.75,0.64322339745,0.532735596639,0.917466554735
672,133,3,rectangle,ii,shape,0,0.84375,0.830265527019,0.744991358713,0.163702101443
673,133,3,rectangle,ii,shape,1,0.96875,0.499339875993,0.16799496206,0.163702101443
674,133,3,rectangle,ii,shape,2,1.0,0.231885606446,0.0660135395408,0.163702101443
675,133,3,rectangle,ii,shape,3,1.0,0.148404553456,0.0314824500397,0.163702101443
676,133,3,rectangle,ii,shape,4,0.9375,0.101107214307,0.100793352874,0.163702101443
677,133,3,rectangle,ii,shape,5,0.9375,0.269598657047,0.0779277578434,0.163702101443
678,133,3,rectangle,ii,shape,6,1.0,0.0950057243487,0.0618310315366,0.163702101443
679,133,3,rectangle,ii,shape,7,0.96875,0.139361301483,0.0585823589343,0.163702101443
680,134,3,rectangle,ii,size,0,0.625,1.06703862748,0.778896322543,0.813271010362
681,134,3,rectangle,ii,size,1,0.5,1.13995427479,0.913069188402,0.813271010362
682,134,3,rectangle,ii,size,2,0.6875,0.901941446537,0.560969232898,0.813271010362
683,134,3,rectangle,ii,size,3,0.625,1.0953692085,1.02717908057,0.813271010362
684,134,3,rectangle,ii,size,4,0.78125,0.833307267685,0.795422758686,0.813271010362
685,134,3,rectangle,ii,size,5,0.625,1.07284689199,0.820709797779,0.813271010362
686,134,3,rectangle,ii,size,6,0.78125,1.00720443702,0.856895383375,0.813271010362
687,134,3,rectangle,ii,size,7,0.90625,1.03223199266,0.753026318646,0.813271010362
688,135,0,antenna,rb,radius,0,0.96875,1.30390980833,1.73038958802,0.657159142862
689,135,0,antenna,rb,radius,1,0.9375,0.92117879836,0.737213284148,0.657159142862
690,135,0,antenna,rb,radius,2,0.9375,0.91757682216,0.644994522739,0.657159142862
691,135,0,antenna,rb,radius,3,0.96875,0.705617769999,0.44278189624,0.657159142862
692,135,0,antenna,rb,radius,4,1.0,0.848754201508,0.580525216014,0.657159142862
693,135,0,antenna,rb,radius,5,1.0,0.641823866009,0.442637082721,0.657159142862
694,135,0,antenna,rb,radius,6,0.96875,0.586426262811,0.296787873407,0.657159142862
695,135,0,antenna,rb,radius,7,1.0,0.582020892042,0.3819436796,0.657159142862
696,136,0,antenna,rb,radius,0,0.90625,1.11632104106,1.16017229474,0.355014416375
697,136,0,antenna,rb,radius,1,0.9375,0.376637738057,0.295016413425,0.355014416375
698,136,0,antenna,rb,radius,2,0.96875,0.188730538084,0.136473452544,0.355014416375
699,136,0,antenna,rb,radius,3,1.0,0.309831951421,0.281948249074,0.355014416375
700,136,0,antenna,rb,radius,4,1.0,0.257493703979,0.105325730438,0.355014416375
701,136,0,antenna,rb,radius,5,0.9375,0.325067073595,0.301604897093,0.355014416375
702,136,0,antenna,rb,radius,6,0.96875,0.273690078625,0.278735745956,0.355014416375
703,136,0,antenna,rb,radius,7,0.9375,0.350535630756,0.280838547722,0.355014416375
704,137,2,antenna,ii,pos,0,0.625,1.35393546932,1.08148613823,1.11375262789
705,137,2,antenna,ii,pos,1,0.6875,1.42872051893,1.42572994833,1.11375262789
706,137,2,antenna,ii,pos,2,0.65625,1.31147422449,1.25688479768,1.11375262789
707,137,2,antenna,ii,pos,3,0.625,1.33048916254,1.21776651039,1.11375262789
708,137,2,antenna,ii,pos,4,0.78125,1.57783519648,1.64300046199,1.11375262789
709,137,2,antenna,ii,pos,5,0.71875,1.11890195719,0.885111260549,1.11375262789
710,137,2,antenna,ii,pos,6,0.71875,0.918605217341,0.51790387261,1.11375262789
711,137,2,antenna,ii,pos,7,0.84375,1.20942388781,0.882138033364,1.11375262789
712,138,1,rectangle,rb,height,0,0.96875,1.12836389377,1.20838781246,0.670435043375
713,138,1,rectangle,rb,height,1,0.625,0.75308781074,0.471643675259,0.670435043375
714,138,1,rectangle,rb,height,2,0.875,1.38693432877,1.45924156145,0.670435043375
715,138,1,rectangle,rb,height,3,0.90625,0.738469160741,0.484140069997,0.670435043375
716,138,1,rectangle,rb,height,4,0.875,0.665845261363,0.514087688638,0.670435043375
717,138,1,rectangle,rb,height,5,0.84375,0.529440114893,0.38074984884,0.670435043375
718,138,1,rectangle,rb,height,6,0.8125,0.319785131636,0.320502009807,0.670435043375
719,138,1,rectangle,rb,height,7,0.875,0.818540429059,0.524727680544,0.670435043375
720,139,3,rectangle,ii,size,0,0.6875,1.68846813641,1.83701244983,1.05440766598
721,139,3,rectangle,ii,size,1,0.6875,1.29635404693,1.10316822339,1.05440766598
722,139,3,rectangle,ii,size,2,0.8125,1.10386017536,0.566335327097,1.05440766598
723,139,3,rectangle,ii,size,3,0.90625,1.30542948278,1.18268866036,1.05440766598
724,139,3,rectangle,ii,size,4,0.84375,1.08602735075,0.788859480492,1.05440766598
725,139,3,rectangle,ii,size,5,0.90625,1.28711932696,1.39993340212,1.05440766598
726,139,3,rectangle,ii,size,6,0.78125,1.12893946583,0.668411107943,1.05440766598
727,139,3,rectangle,ii,size,7,0.78125,0.922762230075,0.88885267659,1.05440766598
728,140,2,antenna,ii,pos,0,0.59375,1.5132894395,1.22569316904,0.867255322002
729,140,2,antenna,ii,pos,1,0.84375,1.16832097317,1.07159704208,0.867255322002
730,140,2,antenna,ii,pos,2,0.90625,0.584220343835,0.47196987802,0.867255322002
731,140,2,antenna,ii,pos,3,0.71875,0.936250704797,0.5951313077,0.867255322002
732,140,2,antenna,ii,pos,4,0.78125,0.780559821797,0.654760942189,0.867255322002
733,140,2,antenna,ii,pos,5,0.75,1.41984594636,1.29456172771,0.867255322002
734,140,2,antenna,ii,pos,6,0.78125,1.05884773119,0.851075776538,0.867255322002
735,140,2,antenna,ii,pos,7,0.8125,0.948073579672,0.773252732745,0.867255322002
736,141,3,rectangle,ii,shape,0,1.0,1.23644924122,1.50416908217,0.687006586918
737,141,3,rectangle,ii,shape,1,0.96875,1.11219962005,0.933384407365,0.687006586918
738,141,3,rectangle,ii,shape,2,0.96875,1.46567776524,1.54743016296,0.687006586918
739,141,3,rectangle,ii,shape,3,1.0,1.03983612564,0.40364581452,0.687006586918
740,141,3,rectangle,ii,shape,4,0.96875,0.770143756178,0.301557202776,0.687006586918
741,141,3,rectangle,ii,shape,5,1.0,0.743939124287,0.248781215439,0.687006586918
742,141,3,rectangle,ii,shape,6,0.90625,1.08260007705,0.425691897605,0.687006586918
743,141,3,rectangle,ii,shape,7,0.9375,0.505477594269,0.131392912515,0.687006586918
744,142,0,antenna,rb,angle,0,0.96875,1.1975675285,1.2971438032,0.689287996605
745,142,0,antenna,rb,angle,1,0.90625,1.11056170993,1.05502097283,0.689287996605
746,142,0,antenna,rb,angle,2,0.96875,0.946396312241,1.00567652157,0.689287996605
747,142,0,antenna,rb,angle,3,1.0,1.08984050522,0.842479202508,0.689287996605
748,142,0,antenna,rb,angle,4,0.96875,0.943230341898,0.756771298069,0.689287996605
749,142,0,antenna,rb,angle,5,0.90625,0.466577702528,0.087477022502,0.689287996605
750,142,0,antenna,rb,angle,6,1.0,0.800263052203,0.290576604541,0.689287996605
751,142,0,antenna,rb,angle,7,1.0,0.596797668141,0.179158547614,0.689287996605
752,143,3,rectangle,ii,size,0,0.875,0.98600051654,0.805924507156,0.510388719654
753,143,3,rectangle,ii,size,1,0.90625,0.956897757438,0.398525670357,0.510388719654
754,143,3,rectangle,ii,size,2,0.78125,0.740213693002,0.590674533993,0.510388719654
755,143,3,rectangle,ii,size,3,0.84375,0.666874900705,0.464270439395,0.510388719654
756,143,3,rectangle,ii,size,4,0.875,0.689793140115,0.395947163313,0.510388719654
757,143,3,rectangle,ii,size,5,0.875,0.598292173941,0.502216370134,0.510388719654
758,143,3,rectangle,ii,size,6,0.8125,0.554852072449,0.546205479915,0.510388719654
759,143,3,rectangle,ii,size,7,0.75,0.399493194821,0.379345592966,0.510388719654
760,144,3,rectangle,ii,size,0,0.75,1.2666281592,1.47055335383,1.19671172245
761,144,3,rectangle,ii,size,1,0.90625,2.04153479171,2.22882734495,1.19671172245
762,144,3,rectangle,ii,size,2,0.84375,1.37044450466,1.27432265472,1.19671172245
763,144,3,rectangle,ii,size,3,0.90625,1.40151218875,1.27572139762,1.19671172245
764,144,3,rectangle,ii,size,4,0.90625,1.00670570715,0.809014806167,1.19671172245
765,144,3,rectangle,ii,size,5,0.84375,0.891058079581,0.626063294066,1.19671172245
766,144,3,rectangle,ii,size,6,0.875,1.12599324083,0.780058072948,1.19671172245
767,144,3,rectangle,ii,size,7,0.78125,1.09152622601,1.10913285529,1.19671172245
768,145,2,antenna,ii,neg,0,0.75,1.57868035161,1.64309941715,0.510853834589
769,145,2,antenna,ii,neg,1,0.96875,0.955881616143,0.857414559985,0.510853834589
770,145,2,antenna,ii,neg,2,0.78125,0.516870210333,0.272176813979,0.510853834589
771,145,2,antenna,ii,neg,3,0.78125,0.325512716406,0.315558311652,0.510853834589
772,145,2,antenna,ii,neg,4,1.0,0.432634752514,0.34852879698,0.510853834589
773,145,2,antenna,ii,neg,5,0.875,0.22520284959,0.17848186958,0.510853834589
774,145,2,antenna,ii,neg,6,0.90625,0.32110434354,0.208237375938,0.510853834589
775,145,2,antenna,ii,neg,7,0.96875,0.371923786566,0.263333531449,0.510853834589
776,146,3,rectangle,ii,size,0,0.75,0.989225099488,0.825719629623,0.475601391877
777,146,3,rectangle,ii,size,1,0.9375,0.561601209835,0.483681865846,0.475601391877
778,146,3,rectangle,ii,size,2,0.875,0.379766885645,0.351501074448,0.475601391877
779,146,3,rectangle,ii,size,3,0.9375,0.719683632071,0.5771524857,0.475601391877
780,146,3,rectangle,ii,size,4,0.9375,0.527831302092,0.358442566685,0.475601391877
781,146,3,rectangle,ii,size,5,0.875,0.504331237741,0.522652031122,0.475601391877
782,146,3,rectangle,ii,size,6,0.90625,0.498025815774,0.368772097135,0.475601391877
783,146,3,rectangle,ii,size,7,0.96875,0.358415205918,0.316889384458,0.475601391877
784,147,2,antenna,ii,neg,0,0.875,1.3695124342,1.17095492892,1.08403797749
785,147,2,antenna,ii,neg,1,0.75,1.39454826037,1.46002774951,1.08403797749
786,147,2,antenna,ii,neg,2,0.6875,1.30841900518,1.1523306912,1.08403797749
787,147,2,antenna,ii,neg,3,0.71875,1.21983722503,0.779653406911,1.08403797749
788,147,2,antenna,ii,neg,4,0.59375,1.60980417828,1.61660726684,1.08403797749
789,147,2,antenna,ii,neg,5,0.8125,1.02944132724,0.347367086083,1.08403797749
790,147,2,antenna,ii,neg,6,0.78125,1.15787358993,0.865832629705,1.08403797749
791,147,2,antenna,ii,neg,7,0.71875,1.34037023461,1.27953006078,1.08403797749
792,148,2,antenna,ii,neg,0,0.625,1.98813935939,2.18215659647,1.23405719936
793,148,2,antenna,ii,neg,1,0.59375,2.05412258178,2.12009031156,1.23405719936
794,148,2,antenna,ii,neg,2,0.75,1.39501493321,1.19599838016,1.23405719936
795,148,2,antenna,ii,neg,3,0.90625,0.821686665013,0.451012577079,1.23405719936
796,148,2,antenna,ii,neg,4,0.8125,1.06822000644,0.887797809236,1.23405719936
797,148,2,antenna,ii,neg,5,0.75,1.054287166,1.14089685276,1.23405719936
798,148,2,antenna,ii,neg,6,0.71875,0.779680265144,0.693623069069,1.23405719936
799,148,2,antenna,ii,neg,7,0.75,1.19669969131,1.20088199854,1.23405719936
800,149,2,antenna,ii,pos,0,0.59375,1.19004363176,1.25586356179,1.03860474786
801,149,2,antenna,ii,pos,1,0.59375,1.24185680356,0.954159277084,1.03860474786
802,149,2,antenna,ii,pos,2,0.6875,1.6003883565,1.73118803201,1.03860474786
803,149,2,antenna,ii,pos,3,0.78125,1.12405485396,1.0493336662,1.03860474786
804,149,2,antenna,ii,pos,4,0.875,1.13643867533,1.00894422172,1.03860474786
805,149,2,antenna,ii,pos,5,0.90625,1.37968936688,1.34637169904,1.03860474786
806,149,2,antenna,ii,pos,6,0.6875,0.882535976004,0.518802380359,1.03860474786
807,149,2,antenna,ii,pos,7,0.75,0.571056099724,0.444175144688,1.03860474786
808,150,0,antenna,rb,angle,0,1.0,1.25299569913,1.32362314521,0.386592726767
809,150,0,antenna,rb,angle,1,0.96875,1.2932801317,1.20680647742,0.386592726767
810,150,0,antenna,rb,angle,2,0.96875,0.453878853229,0.156929072248,0.386592726767
811,150,0,antenna,rb,angle,3,0.96875,0.199569163144,0.0720806370063,0.386592726767
812,150,0,antenna,rb,angle,4,1.0,0.283591786804,0.0651025672077,0.386592726767
813,150,0,antenna,rb,angle,5,1.0,0.333547152317,0.0863393099037,0.386592726767
814,150,0,antenna,rb,angle,6,1.0,0.250510374931,0.0799207760702,0.386592726767
815,150,0,antenna,rb,angle,7,1.0,0.573666106735,0.101939829074,0.386592726767
816,151,2,antenna,ii,pos,0,0.625,1.21717474109,1.04867223583,0.907712016259
817,151,2,antenna,ii,pos,1,0.625,1.09587252428,0.797702382971,0.907712016259
818,151,2,antenna,ii,pos,2,0.8125,1.44747083102,1.22876942692,0.907712016259
819,151,2,antenna,ii,pos,3,0.71875,1.38086765064,1.21472947498,0.907712016259
820,151,2,antenna,ii,pos,4,0.9375,0.8624390289,0.714170919774,0.907712016259
821,151,2,antenna,ii,pos,5,0.78125,0.99943768125,0.605994835947,0.907712016259
822,151,2,antenna,ii,pos,6,0.8125,0.858331941812,0.430252369101,0.907712016259
823,151,2,antenna,ii,pos,7,0.875,1.24004063724,1.22140448455,0.907712016259
824,154,2,antenna,ii,pos,0,0.53125,0.992793780525,0.839219060241,0.927082527714
825,154,2,antenna,ii,pos,1,0.25,1.21276218581,0.848618946745,0.927082527714
826,154,2,antenna,ii,pos,2,0.71875,1.28246502331,0.861087582843,0.927082527714
827,154,2,antenna,ii,pos,3,0.6875,1.45686259877,1.33212645459,0.927082527714
828,154,2,antenna,ii,pos,4,0.6875,1.21060868286,1.10031945063,0.927082527714
829,154,2,antenna,ii,pos,5,0.71875,0.834617213771,0.602779749525,0.927082527714
830,154,2,antenna,ii,pos,6,0.65625,0.96488842271,0.852840983301,0.927082527714
831,154,2,antenna,ii,pos,7,0.84375,1.02445344818,0.979667993844,0.927082527714
832,155,1,rectangle,rb,height,0,0.40625,1.35457285499,1.7455066918,1.36303883876
833,155,1,rectangle,rb,height,1,0.78125,1.61446489269,2.0,1.36303883876
834,155,1,rectangle,rb,height,2,0.8125,1.15625091313,1.15918045341,1.36303883876
835,155,1,rectangle,rb,height,3,0.6875,0.919702312773,0.613377154309,1.36303883876
836,155,1,rectangle,rb,height,4,0.8125,1.35861487051,1.49550025303,1.36303883876
837,155,1,rectangle,rb,height,5,0.78125,1.39656719434,1.61935528492,1.36303883876
838,155,1,rectangle,rb,height,6,0.875,1.50237927263,1.46563005819,1.36303883876
839,155,1,rectangle,rb,height,7,0.875,1.03508261603,0.805760814395,1.36303883876
840,157,0,antenna,rb,radius,0,0.71875,1.48023722318,1.86025128627,0.798710444878
841,157,0,antenna,rb,radius,1,0.90625,0.785164524873,0.76560596762,0.798710444878
842,157,0,antenna,rb,radius,2,1.0,0.772075543037,0.632798427798,0.798710444878
843,157,0,antenna,rb,radius,3,0.9375,0.476464042415,0.330198386146,0.798710444878
844,157,0,antenna,rb,radius,4,0.96875,1.07768192336,0.999345576353,0.798710444878
845,157,0,antenna,rb,radius,5,0.96875,1.02538511017,1.16119896846,0.798710444878
846,157,0,antenna,rb,radius,6,0.96875,0.478739406717,0.377244951633,0.798710444878
847,157,0,antenna,rb,radius,7,0.90625,0.267651236817,0.263039994743,0.798710444878
848,158,0,antenna,rb,radius,0,0.8125,1.210406884,1.31865160647,0.378595167663
849,158,0,antenna,rb,radius,1,0.9375,0.733214367058,0.579727602665,0.378595167663
850,158,0,antenna,rb,radius,2,0.90625,0.477861722485,0.384821893307,0.378595167663
851,158,0,antenna,rb,radius,3,0.96875,0.445655111204,0.184826717215,0.378595167663
852,158,0,antenna,rb,radius,4,1.0,0.287014497504,0.161921489093,0.378595167663
853,158,0,antenna,rb,radius,5,1.0,0.153562848141,0.0964651684753,0.378595167663
854,158,0,antenna,rb,radius,6,1.0,0.172674574977,0.142636100104,0.378595167663
855,158,0,antenna,rb,radius,7,1.0,0.174705074683,0.159710763981,0.378595167663
856,160,0,antenna,rb,angle,0,1.0,1.0951707714,0.757766535077,0.796371164655
857,160,0,antenna,rb,angle,1,1.0,0.990586225889,0.652559936356,0.796371164655
858,160,0,antenna,rb,angle,2,1.0,1.00825618941,0.828324985904,0.796371164655
859,160,0,antenna,rb,angle,3,1.0,1.02474776415,0.916237872887,0.796371164655
860,160,0,antenna,rb,angle,4,1.0,0.953510840594,0.690500730818,0.796371164655
861,160,0,antenna,rb,angle,5,1.0,1.02519328551,0.760311348426,0.796371164655
862,160,0,antenna,rb,angle,6,1.0,1.11384794442,0.946251978749,0.796371164655
863,160,0,antenna,rb,angle,7,1.0,1.17768623839,0.819015929021,0.796371164655
864,161,0,antenna,rb,radius,0,0.9375,1.17492891134,0.977391767303,1.5445357181
865,161,0,antenna,rb,radius,1,0.90625,1.45118557301,1.51276298518,1.5445357181
866,161,0,antenna,rb,radius,2,0.9375,1.14821766025,1.27179691725,1.5445357181
867,161,0,antenna,rb,radius,3,0.9375,1.23099730153,1.38276105024,1.5445357181
868,161,0,antenna,rb,radius,4,0.875,1.39988635336,1.86927492431,1.5445357181
869,161,0,antenna,rb,radius,5,0.90625,1.87784366783,2.0,1.5445357181
870,161,0,antenna,rb,radius,6,0.875,1.33874358339,1.57547796089,1.5445357181
871,161,0,antenna,rb,radius,7,0.96875,1.32197025747,1.76682013964,1.5445357181
872,162,0,antenna,rb,radius,0,0.9375,1.16423254273,1.29390038899,0.516271937277
873,162,0,antenna,rb,radius,1,0.90625,1.30887663975,1.19223773272,0.516271937277
874,162,0,antenna,rb,radius,2,1.0,0.567497605627,0.3575229191,0.516271937277
875,162,0,antenna,rb,radius,3,0.96875,0.498437102238,0.337974001496,0.516271937277
876,162,0,antenna,rb,radius,4,0.9375,0.258986683013,0.252678947657,0.516271937277
877,162,0,antenna,rb,radius,5,0.9375,0.237493332777,0.232012177012,0.516271937277
878,162,0,antenna,rb,radius,6,1.0,0.319362589013,0.23485755468,0.516271937277
879,162,0,antenna,rb,radius,7,0.96875,0.239838079858,0.228991776564,0.516271937277
880,163,0,antenna,rb,radius,0,0.9375,1.2394975365,1.3101130981,0.506241402261
881,163,0,antenna,rb,radius,1,1.0,1.23219481521,1.50910799114,0.506241402261
882,163,0,antenna,rb,radius,2,1.0,0.546305306263,0.233251370843,0.506241402261
883,163,0,antenna,rb,radius,3,1.0,0.320885252641,0.244271394658,0.506241402261
884,163,0,antenna,rb,radius,4,0.96875,0.425720442522,0.205161574642,0.506241402261
885,163,0,antenna,rb,radius,5,1.0,0.255367815496,0.145853586589,0.506241402261
886,163,0,antenna,rb,radius,6,1.0,0.401980381729,0.22503716305,0.506241402261
887,163,0,antenna,rb,radius,7,0.96875,0.238893246193,0.177135039071,0.506241402261
888,164,0,antenna,rb,radius,0,0.5625,1.60533653684,2.0,1.11944321135
889,164,0,antenna,rb,radius,1,0.90625,1.52675839843,1.8984606811,1.11944321135
890,164,0,antenna,rb,radius,2,0.875,1.18031590426,1.41816443617,1.11944321135
891,164,0,antenna,rb,radius,3,0.8125,1.38051672655,1.66236794673,1.11944321135
892,164,0,antenna,rb,radius,4,0.90625,0.677124184332,0.445411887405,1.11944321135
893,164,0,antenna,rb,radius,5,0.90625,0.683594409296,0.52443814344,1.11944321135
894,164,0,antenna,rb,radius,6,0.875,0.673105197224,0.37166549155,1.11944321135
895,164,0,antenna,rb,radius,7,0.875,0.914556230317,0.635037104409,1.11944321135
896,165,0,antenna,rb,angle,0,0.96875,0.886762057967,0.810378337968,0.745567339697
897,165,0,antenna,rb,angle,1,1.0,0.942845015115,1.05935321196,0.745567339697
898,165,0,antenna,rb,angle,2,1.0,1.00250247364,1.18844194378,0.745567339697
899,165,0,antenna,rb,angle,3,0.9375,0.882911921643,1.09047645048,0.745567339697
900,165,0,antenna,rb,angle,4,1.0,0.667958567236,0.153268329357,0.745567339697
901,165,0,antenna,rb,angle,5,1.0,0.830796609473,0.652863876112,0.745567339697
902,165,0,antenna,rb,angle,6,1.0,0.450922065263,0.0969693610546,0.745567339697
903,165,0,antenna,rb,angle,7,0.96875,0.793321580339,0.912787206866,0.745567339697
